customer_id,first_name,last_name,email,address,phone
1,Pamela,Ross,cynthiahernandez@example.net,"USS Johnson, FPO AA 83359",9027848516
2,Eric,Owens,stevensheather@example.net,"8742 Brooke Wells, New Matthewfurt, HI 50814",453-719-3951x4158
3,Alyssa,Bates,jenniferlopez@example.com,"90246 Zachary Stream Apt. 335, North Philipburgh, DC 50449",+1-847-262-6462
4,Daniel,Gonzalez,grayluis@example.net,"63467 Carter Cape Apt. 095, Nelsonton, PA 98723",770.654.6801x29930
5,Gary,Smith,odavis@example.net,"062 Brian Ridges Apt. 746, West Sarah, HI 43621",944.655.9917
6,Brittany,Hanson,pcastillo@example.com,"USCGC White, FPO AP 74772",336-522-1605
7,Christine,Rodriguez,andersonautumn@example.com,"672 Mark Manor Suite 553, West Debra, IA 90466",001-570-425-1241x87302
8,Gregory,Clark,david35@example.com,"469 Nguyen Wall Apt. 551, South Gary, CO 90524",(230)445-6541
9,Matthew,Cruz,chandlerpatrick@example.net,"688 Evans Road Suite 406, Benjaminberg, MD 07853",(244)709-0563
10,Erica,Cox,megancontreras@example.net,"858 Lisa Garden, West Laurahaven, VA 24997",569-422-5255x88786
11,John,Williams,xvasquez@example.com,"49719 Kelly Turnpike Suite 196, Lozanoshire, FM 18843",967.498.6038
12,Monica,Walker,jeff63@example.com,"875 Cummings Ports, Ramirezmouth, MD 94058",534-983-2277
13,Megan,Hicks,anthony65@example.org,"22779 Pamela Estates, Barnesland, SC 39939",623.606.1615x4185
14,Julie,Howe,robert27@example.com,"369 Wood Burg Apt. 842, Port Marissa, UT 36159",319-912-0906
15,Cynthia,Fisher,sherryreese@example.org,"Unit 5363 Box 1170, DPO AE 07477",718-569-7350
16,Anthony,Anderson,fmartinez@example.org,"2682 Gordon Ford, Deborahburgh, NM 86256",(496)465-2643x196
17,Michele,Butler,michellemiller@example.net,"203 Jared Roads Suite 551, East Teresa, AR 58483",2505784594
18,Meagan,Rasmussen,brobles@example.net,"1762 Marshall Mount Suite 729, West Timothy, AZ 66226",440.796.1923x8465
19,Jesse,Ingram,bethadams@example.net,"52240 Stephens Inlet Apt. 338, Lake Phyllis, MS 37104",5587537161
20,Jill,Garcia,nicholasrangel@example.net,"2350 Hernandez Light, New Bradley, FL 14176",872.236.8242x811
21,Devin,Gonzalez,vellis@example.com,"021 Brooke Stravenue, South Jeremy, MH 18506",001-905-789-7501x20130
22,Julie,Duran,nsmith@example.com,"Unit 4803 Box 9489, DPO AA 50954",877.924.6006x7177
23,Robert,Koch,vyates@example.com,"8456 Sharon Port Suite 773, Andersonville, CT 53338",001-733-526-2624x16314
24,Tiffany,Lin,dwelch@example.net,"31398 Joseph Estates Apt. 521, North Max, MS 46390",001-723-997-5193x44800
25,Sarah,Terry,simsethan@example.net,"88523 Garcia Loaf, Gilbertstad, WI 46549",(886)939-1099
26,Kelly,Moore,brownblake@example.net,"1355 Jennifer Highway, Rachelview, VT 98946",+1-270-276-6370x023
27,Tony,Hall,dthompson@example.com,"2345 Joyce Junctions Apt. 813, West Katherine, CO 63171",731.637.5014x3153
28,Gary,Cobb,crystal14@example.com,"6624 Little Neck Suite 170, Louisport, LA 36043",(527)475-0832
29,Melinda,Arnold,smithrobert@example.net,"PSC 3465, Box 7122, APO AP 12351",6755891818
30,Shelby,Bradley,amyball@example.com,"237 Matthew Turnpike Apt. 382, East Alison, SC 50361",(292)333-9590x64131
